{"cameraMode":{"drawMode":0,"name":"Shaded","section":"Shading Mode"},"sceneLighting":false,"audioPlay":false,"sceneViewState":{"showFog":true,"showMaterialUpdate":false,"showSkybox":false,"showFlares":true,"showImageEffects":true,"showParticleSystems":true},"in2DMode":false,"pivot":{"x":-628.5026245117188,"y":-2.1887199878692629,"z":-195.4084014892578},"rotation":{"x":0.1121068224310875,"y":-0.7142172455787659,"z":0.11753210425376892,"w":0.6809154748916626},"size":37.469993591308597,"orthographic":false}