{"cameraMode":{"drawMode":0,"name":"Shaded","section":"Shading Mode"},"sceneLighting":true,"audioPlay":false,"sceneViewState":{"showFog":true,"showMaterialUpdate":false,"showSkybox":true,"showFlares":true,"showImageEffects":true,"showParticleSystems":true},"in2DMode":false,"pivot":{"x":-27.076278686523439,"y":14.170038223266602,"z":16.992996215820314},"rotation":{"x":0.13729692995548249,"y":-0.7681310772895813,"z":0.17586825788021089,"w":0.6002418994903565},"size":14.176802635192871,"orthographic":false}