{"cameraMode":{"drawMode":0,"name":"Shaded","section":"Shading Mode"},"sceneLighting":true,"audioPlay":false,"sceneViewState":{"showFog":true,"showMaterialUpdate":false,"showSkybox":true,"showFlares":true,"showImageEffects":true,"showParticleSystems":true},"in2DMode":false,"pivot":{"x":-0.2927651107311249,"y":1.3577030897140504,"z":0.14377310872077943},"rotation":{"x":0.05399375408887863,"y":-0.7312412858009338,"z":0.058237604796886447,"w":0.6775339841842651},"size":2.8578836917877199,"orthographic":false}