{"cameraMode":{"drawMode":0,"name":"Shaded","section":"Shading Mode"},"sceneLighting":false,"audioPlay":false,"sceneViewState":{"showFog":true,"showMaterialUpdate":false,"showSkybox":false,"showFlares":true,"showImageEffects":true,"showParticleSystems":true},"in2DMode":false,"pivot":{"x":-44.13825225830078,"y":1.3297088146209717,"z":-0.06412196159362793},"rotation":{"x":0.17899088561534882,"y":0.35581523180007937,"z":-0.06935717165470123,"w":0.9147459268569946},"size":16.517576217651368,"orthographic":false}