{"cameraMode":{"drawMode":0,"name":"Shaded","section":"Shading Mode"},"sceneLighting":false,"audioPlay":false,"sceneViewState":{"showFog":true,"showMaterialUpdate":false,"showSkybox":false,"showFlares":true,"showImageEffects":true,"showParticleSystems":true},"in2DMode":false,"pivot":{"x":-4.999927997589111,"y":4.427615165710449,"z":2.364352226257324},"rotation":{"x":0.012584798969328404,"y":-0.7148020267486572,"z":0.012865274213254452,"w":0.699104368686676},"size":16.75799560546875,"orthographic":false}