{"cameraMode":{"drawMode":0,"name":"Shaded","section":"Shading Mode"},"sceneLighting":false,"audioPlay":false,"sceneViewState":{"showFog":true,"showMaterialUpdate":false,"showSkybox":false,"showFlares":true,"showImageEffects":true,"showParticleSystems":true},"in2DMode":false,"pivot":{"x":-471.7892150878906,"y":-215.15335083007813,"z":-77.08938598632813},"rotation":{"x":0.1572141945362091,"y":-0.6954433917999268,"z":0.1598733812570572,"w":0.6827601790428162},"size":536.4361572265625,"orthographic":false}