{"cameraMode":{"drawMode":0,"name":"Shaded","section":"Shading Mode"},"sceneLighting":false,"audioPlay":false,"sceneViewState":{"showFog":true,"showMaterialUpdate":false,"showSkybox":false,"showFlares":true,"showImageEffects":true,"showParticleSystems":true},"in2DMode":false,"pivot":{"x":15.785920143127442,"y":14.756927490234375,"z":14.47468090057373},"rotation":{"x":-0.1635146588087082,"y":-0.09458170086145401,"z":-0.015675684437155725,"w":0.9819278120994568},"size":22.0,"orthographic":false}