{"cameraMode":{"drawMode":0,"name":"Shaded","section":"Shading Mode"},"sceneLighting":false,"audioPlay":false,"sceneViewState":{"showFog":true,"showMaterialUpdate":false,"showSkybox":false,"showFlares":true,"showImageEffects":true,"showParticleSystems":true},"in2DMode":false,"pivot":{"x":-102.1923828125,"y":-14.595733642578125,"z":3.7094838619232179},"rotation":{"x":-0.05667530745267868,"y":0.6938148736953735,"z":-0.0551268644630909,"w":-0.7159759402275086},"size":112.59867858886719,"orthographic":false}