{"cameraMode":{"drawMode":0,"name":"Shaded","section":"Shading Mode"},"sceneLighting":false,"audioPlay":false,"sceneViewState":{"showFog":true,"showMaterialUpdate":false,"showSkybox":false,"showFlares":true,"showImageEffects":true,"showParticleSystems":true},"in2DMode":false,"pivot":{"x":-279.3446350097656,"y":-41.827796936035159,"z":-69.39849853515625},"rotation":{"x":0.07176374644041062,"y":0.9100229144096375,"z":-0.1780271679162979,"w":0.36758455634117129},"size":121.84947204589844,"orthographic":false}