{"cameraMode":{"drawMode":0,"name":"Shaded","section":"Shading Mode"},"sceneLighting":true,"audioPlay":false,"sceneViewState":{"showFog":true,"showMaterialUpdate":false,"showSkybox":true,"showFlares":true,"showImageEffects":true,"showParticleSystems":true},"in2DMode":false,"pivot":{"x":24.712657928466798,"y":9.155008316040039,"z":-1.8530621528625489},"rotation":{"x":0.020925821736454965,"y":-0.716370701789856,"z":0.021491896361112596,"w":0.6972500681877136},"size":3.8391151428222658,"orthographic":false}