{"cameraMode":{"drawMode":0,"name":"Shaded","section":"Shading Mode"},"sceneLighting":false,"audioPlay":false,"sceneViewState":{"showFog":true,"showMaterialUpdate":false,"showSkybox":false,"showFlares":true,"showImageEffects":true,"showParticleSystems":true},"in2DMode":false,"pivot":{"x":-544.6282348632813,"y":-8.608145713806153,"z":44.60363006591797},"rotation":{"x":-0.037737831473350528,"y":-0.5301230549812317,"z":0.023814374580979348,"w":-0.8468140363693237},"size":121.84947204589844,"orthographic":false}