{"cameraMode":{"drawMode":0,"name":"Shaded","section":"Shading Mode"},"sceneLighting":true,"audioPlay":false,"sceneViewState":{"showFog":true,"showMaterialUpdate":true,"showSkybox":true,"showFlares":true,"showImageEffects":true,"showParticleSystems":true},"in2DMode":false,"pivot":{"x":-10.806255340576172,"y":3.5869131088256838,"z":1.8693032264709473},"rotation":{"x":-0.006199350580573082,"y":0.9049567580223084,"z":-0.012002375908195973,"w":-0.4257047176361084},"size":8.464231491088868,"orthographic":false}