{"cameraMode":{"drawMode":0,"name":"Shaded","section":"Shading Mode"},"sceneLighting":false,"audioPlay":false,"sceneViewState":{"showFog":true,"showMaterialUpdate":false,"showSkybox":false,"showFlares":true,"showImageEffects":true,"showParticleSystems":true},"in2DMode":false,"pivot":{"x":-1.650438666343689,"y":-9.783188819885254,"z":14.613409042358399},"rotation":{"x":0.3681017756462097,"y":-0.055290982127189639,"z":0.022182125598192216,"w":0.9280062913894653},"size":20.38047218322754,"orthographic":false}