{"cameraMode":{"drawMode":0,"name":"Shaded","section":"Shading Mode"},"sceneLighting":false,"audioPlay":false,"sceneViewState":{"showFog":true,"showMaterialUpdate":false,"showSkybox":false,"showFlares":true,"showImageEffects":true,"showParticleSystems":true},"in2DMode":false,"pivot":{"x":0.047766685485839847,"y":1.853344202041626,"z":0.0},"rotation":{"x":-0.044940702617168429,"y":0.5931961536407471,"z":-0.03253407031297684,"w":-0.8033446073532105},"size":9.571756362915039,"orthographic":false}