{"cameraMode":{"drawMode":0,"name":"Shaded","section":"Shading Mode"},"sceneLighting":true,"audioPlay":false,"sceneViewState":{"showFog":true,"showMaterialUpdate":false,"showSkybox":true,"showFlares":true,"showImageEffects":true,"showParticleSystems":true},"in2DMode":false,"pivot":{"x":73.07667541503906,"y":-98.04756164550781,"z":132.80377197265626},"rotation":{"x":0.23991505801677705,"y":0.4371212124824524,"z":-0.12230270355939865,"w":0.8582221269607544},"size":330.9309387207031,"orthographic":false}