{"cameraMode":{"drawMode":0,"name":"Shaded","section":"Shading Mode"},"sceneLighting":true,"audioPlay":false,"sceneViewState":{"showFog":true,"showMaterialUpdate":true,"showSkybox":true,"showFlares":true,"showImageEffects":true,"showParticleSystems":true},"in2DMode":false,"pivot":{"x":-0.5264163613319397,"y":3.598459005355835,"z":0.34212103486061098},"rotation":{"x":-0.029944337904453279,"y":0.685356616973877,"z":-0.027268126606941224,"w":-0.7273456454277039},"size":1.0729074478149415,"orthographic":false}