{"cameraMode":{"drawMode":0,"name":"Shaded","section":"Shading Mode"},"sceneLighting":false,"audioPlay":false,"sceneViewState":{"showFog":true,"showMaterialUpdate":false,"showSkybox":false,"showFlares":true,"showImageEffects":true,"showParticleSystems":true},"in2DMode":false,"pivot":{"x":-8.767107963562012,"y":0.14477546513080598,"z":1.386566162109375},"rotation":{"x":0.09494520723819733,"y":-0.6865173578262329,"z":0.09114886820316315,"w":0.7151114344596863},"size":16.75799560546875,"orthographic":false}