{"cameraMode":{"drawMode":0,"name":"Shaded","section":"Shading Mode"},"sceneLighting":false,"audioPlay":false,"sceneViewState":{"showFog":true,"showMaterialUpdate":false,"showSkybox":false,"showFlares":true,"showImageEffects":true,"showParticleSystems":true},"in2DMode":false,"pivot":{"x":-9.443548202514649,"y":2.3361754417419435,"z":1.2423772811889649},"rotation":{"x":0.007975265383720398,"y":-0.716763436794281,"z":0.008477438241243363,"w":0.6973887085914612},"size":20.38047218322754,"orthographic":false}