{"cameraMode":{"drawMode":0,"name":"Shaded","section":"Shading Mode"},"sceneLighting":false,"audioPlay":false,"sceneViewState":{"showFog":true,"showMaterialUpdate":false,"showSkybox":false,"showFlares":true,"showImageEffects":true,"showParticleSystems":true},"in2DMode":false,"pivot":{"x":-11.785419464111329,"y":0.9888315200805664,"z":0.28045862913131716},"rotation":{"x":0.02755078859627247,"y":-0.7447903752326965,"z":0.031209059059619905,"w":0.666161060333252},"size":16.98066520690918,"orthographic":false}