{"cameraMode":{"drawMode":0,"name":"Shaded","section":"Shading Mode"},"sceneLighting":true,"audioPlay":false,"sceneViewState":{"showFog":true,"showMaterialUpdate":false,"showSkybox":true,"showFlares":true,"showImageEffects":true,"showParticleSystems":true},"in2DMode":false,"pivot":{"x":-3442.25439453125,"y":37.81102752685547,"z":5005.646484375},"rotation":{"x":0.001481582410633564,"y":-0.1648373007774353,"z":-0.00025206542341038585,"w":-0.9863309264183044},"size":2.729008913040161,"orthographic":false}