{"cameraMode":{"drawMode":0,"name":"Shaded","section":"Shading Mode"},"sceneLighting":false,"audioPlay":false,"sceneViewState":{"showFog":true,"showMaterialUpdate":false,"showSkybox":false,"showFlares":true,"showImageEffects":true,"showParticleSystems":true},"in2DMode":false,"pivot":{"x":-0.9375458359718323,"y":0.9342066645622253,"z":-0.4895663857460022},"rotation":{"x":-0.34881800413131716,"y":0.14967744052410127,"z":-0.056602999567985538,"w":-0.9235581159591675},"size":4.225217342376709,"orthographic":false}