{"cameraMode":{"drawMode":0,"name":"Shaded","section":"Shading Mode"},"sceneLighting":false,"audioPlay":false,"sceneViewState":{"showFog":true,"showMaterialUpdate":false,"showSkybox":false,"showFlares":true,"showImageEffects":true,"showParticleSystems":true},"in2DMode":false,"pivot":{"x":-61.79033660888672,"y":-70.71063995361328,"z":56.184295654296878},"rotation":{"x":-0.3658928871154785,"y":-0.016555894166231157,"z":0.006649742368608713,"w":-0.930544376373291},"size":121.84947204589844,"orthographic":false}